-- phpMyAdmin SQL Dump
-- version 5.0.4
-- https://www.phpmyadmin.net/
--
-- Host: 127.0.0.1
-- Generation Time: Jun 08, 2021 at 06:32 PM
-- Server version: 10.4.17-MariaDB
-- PHP Version: 8.0.0

SET SQL_MODE = "NO_AUTO_VALUE_ON_ZERO";
START TRANSACTION;
SET time_zone = "+00:00";


/*!40101 SET @OLD_CHARACTER_SET_CLIENT=@@CHARACTER_SET_CLIENT */;
/*!40101 SET @OLD_CHARACTER_SET_RESULTS=@@CHARACTER_SET_RESULTS */;
/*!40101 SET @OLD_COLLATION_CONNECTION=@@COLLATION_CONNECTION */;
/*!40101 SET NAMES utf8mb4 */;

--
-- Database: `ims`
--

-- --------------------------------------------------------

--
-- Table structure for table `admins`
--

CREATE TABLE `admins` (
  `admin_id` int(11) NOT NULL,
  `admin_name` varchar(100) NOT NULL,
  `username` varchar(30) NOT NULL,
  `password` varchar(30) NOT NULL
) ENGINE=InnoDB DEFAULT CHARSET=utf8mb4;

--
-- Dumping data for table `admins`
--

INSERT INTO `admins` (`admin_id`, `admin_name`, `username`, `password`) VALUES
(1, 'admin', 'admin', 'admin');

-- --------------------------------------------------------

--
-- Table structure for table `categories`
--

CREATE TABLE `categories` (
  `category_id` int(11) NOT NULL,
  `category_name` varchar(100) NOT NULL
) ENGINE=InnoDB DEFAULT CHARSET=utf8mb4;

--
-- Dumping data for table `categories`
--

INSERT INTO `categories` (`category_id`, `category_name`) VALUES
(2, 'Health Insurance'),
(3, 'Vehicle Insurance'),
(4, 'Life Insurance');

-- --------------------------------------------------------

--
-- Table structure for table `cities`
--

CREATE TABLE `cities` (
  `city_id` int(11) NOT NULL,
  `state_id` int(11) NOT NULL,
  `city_name` varchar(100) NOT NULL
) ENGINE=InnoDB DEFAULT CHARSET=utf8mb4;

--
-- Dumping data for table `cities`
--

INSERT INTO `cities` (`city_id`, `state_id`, `city_name`) VALUES
(1, 21, 'Kolhapur'),
(2, 1, 'Port Blair'),
(3, 2, 'Adilabad'),
(4, 2, 'Adoni'),
(5, 2, 'Amadalavalasa'),
(6, 2, 'Amalapuram'),
(7, 2, 'Anakapalle'),
(8, 2, 'Anantapur'),
(9, 2, 'Badepalle'),
(10, 2, 'Banganapalle'),
(11, 2, 'Bapatla'),
(12, 2, 'Bellampalle'),
(13, 2, 'Bethamcherla'),
(14, 2, 'Bhadrachalam'),
(15, 2, 'Bhainsa'),
(16, 2, 'Bheemunipatnam'),
(17, 2, 'Bhimavaram'),
(18, 2, 'Bhongir'),
(19, 2, 'Bobbili'),
(20, 2, 'Bodhan'),
(21, 2, 'Chilakaluripet'),
(22, 2, 'Chirala'),
(23, 2, 'Chittoor'),
(24, 2, 'Cuddapah'),
(25, 2, 'Devarakonda'),
(26, 2, 'Dharmavaram'),
(27, 2, 'Eluru'),
(28, 2, 'Farooqnagar'),
(29, 2, 'Gadwal'),
(30, 2, 'Gooty'),
(31, 2, 'Gudivada'),
(32, 2, 'Gudur'),
(33, 2, 'Guntakal'),
(34, 2, 'Guntur'),
(35, 2, 'Hanuman Junction'),
(36, 2, 'Hindupur'),
(37, 32, 'Hyderabad'),
(38, 2, 'Ichchapuram'),
(39, 2, 'Jaggaiahpet'),
(40, 2, 'Jagtial'),
(41, 2, 'Jammalamadugu'),
(42, 2, 'Jangaon'),
(43, 2, 'Kadapa'),
(44, 2, 'Kadiri'),
(45, 2, 'Kagaznagar'),
(46, 2, 'Kakinada'),
(47, 2, 'Kalyandurg'),
(48, 2, 'Kamareddy'),
(49, 2, 'Kandukur'),
(50, 2, 'Karimnagar'),
(51, 2, 'Kavali'),
(52, 2, 'Khammam'),
(53, 2, 'Koratla'),
(54, 2, 'Kothagudem'),
(55, 2, 'Kothapeta'),
(56, 2, 'Kovvur'),
(57, 2, 'Kurnool'),
(58, 2, 'Kyathampalle'),
(59, 2, 'Macherla'),
(60, 2, 'Machilipatnam'),
(61, 2, 'Madanapalle'),
(62, 2, 'Mahbubnagar'),
(63, 2, 'Mancherial'),
(64, 2, 'Mandamarri'),
(65, 2, 'Mandapeta'),
(66, 2, 'Manuguru'),
(67, 2, 'Markapur'),
(68, 2, 'Medak'),
(69, 2, 'Miryalaguda'),
(70, 2, 'Mogalthur'),
(71, 2, 'Nagari'),
(72, 2, 'Nagarkurnool'),
(73, 2, 'Nandyal'),
(74, 2, 'Narasapur'),
(75, 2, 'Narasaraopet'),
(76, 2, 'Narayanpet'),
(77, 2, 'Narsipatnam'),
(78, 2, 'Nellore'),
(79, 2, 'Nidadavole'),
(80, 2, 'Nirmal'),
(81, 2, 'Nizamabad'),
(82, 2, 'Nuzvid'),
(83, 2, 'Ongole'),
(84, 2, 'Palacole'),
(85, 2, 'Palasa Kasibugga'),
(86, 2, 'Palwancha'),
(87, 2, 'Parvathipuram'),
(88, 2, 'Pedana'),
(89, 2, 'Peddapuram'),
(90, 2, 'Pithapuram'),
(91, 2, 'Pondur'),
(92, 2, 'Ponnur'),
(93, 2, 'Proddatur'),
(94, 2, 'Punganur'),
(95, 2, 'Puttur'),
(96, 2, 'Rajahmundry'),
(97, 2, 'Rajam'),
(98, 2, 'Ramachandrapuram'),
(99, 2, 'Ramagundam'),
(100, 2, 'Rayachoti'),
(101, 2, 'Rayadurg'),
(102, 2, 'Renigunta'),
(103, 2, 'Repalle'),
(104, 2, 'Sadasivpet'),
(105, 2, 'Salur'),
(106, 2, 'Samalkot'),
(107, 2, 'Sangareddy'),
(108, 2, 'Sattenapalle'),
(109, 2, 'Siddipet'),
(110, 2, 'Singapur'),
(111, 2, 'Sircilla'),
(112, 2, 'Srikakulam'),
(113, 2, 'Srikalahasti'),
(115, 2, 'Suryapet'),
(116, 2, 'Tadepalligudem'),
(117, 2, 'Tadpatri'),
(118, 2, 'Tandur'),
(119, 2, 'Tanuku'),
(120, 2, 'Tenali'),
(121, 2, 'Tirupati'),
(122, 2, 'Tuni'),
(123, 2, 'Uravakonda'),
(124, 2, 'Venkatagiri'),
(125, 2, 'Vicarabad'),
(126, 2, 'Vijayawada'),
(127, 2, 'Vinukonda'),
(128, 2, 'Visakhapatnam'),
(129, 2, 'Vizianagaram'),
(130, 2, 'Wanaparthy'),
(131, 2, 'Warangal'),
(132, 2, 'Yellandu'),
(133, 2, 'Yemmiganur'),
(134, 2, 'Yerraguntla'),
(135, 2, 'Zahirabad'),
(136, 2, 'Rajampet'),
(137, 3, 'Along'),
(138, 3, 'Bomdila'),
(139, 3, 'Itanagar'),
(140, 3, 'Naharlagun'),
(141, 3, 'Pasighat'),
(142, 4, 'Abhayapuri'),
(143, 4, 'Amguri'),
(144, 4, 'Anandnagaar'),
(145, 4, 'Barpeta'),
(146, 4, 'Barpeta Road'),
(147, 4, 'Bilasipara'),
(148, 4, 'Bongaigaon'),
(149, 4, 'Dhekiajuli'),
(150, 4, 'Dhubri'),
(151, 4, 'Dibrugarh'),
(152, 4, 'Digboi'),
(153, 4, 'Diphu'),
(154, 4, 'Dispur'),
(156, 4, 'Gauripur'),
(157, 4, 'Goalpara'),
(158, 4, 'Golaghat'),
(159, 4, 'Guwahati'),
(160, 4, 'Haflong'),
(161, 4, 'Hailakandi'),
(162, 4, 'Hojai'),
(163, 4, 'Jorhat'),
(164, 4, 'Karimganj'),
(165, 4, 'Kokrajhar'),
(166, 4, 'Lanka'),
(167, 4, 'Lumding'),
(168, 4, 'Mangaldoi'),
(169, 4, 'Mankachar'),
(170, 4, 'Margherita'),
(171, 4, 'Mariani'),
(172, 4, 'Marigaon'),
(173, 4, 'Nagaon'),
(174, 4, 'Nalbari'),
(175, 4, 'North Lakhimpur'),
(176, 4, 'Rangia'),
(177, 4, 'Sibsagar'),
(178, 4, 'Silapathar'),
(179, 4, 'Silchar'),
(180, 4, 'Tezpur'),
(181, 4, 'Tinsukia'),
(182, 5, 'Amarpur'),
(183, 5, 'Araria'),
(184, 5, 'Areraj'),
(185, 5, 'Arrah'),
(186, 5, 'Asarganj'),
(187, 5, 'Aurangabad'),
(188, 5, 'Bagaha'),
(189, 5, 'Bahadurganj'),
(190, 5, 'Bairgania'),
(191, 5, 'Bakhtiarpur'),
(192, 5, 'Banka'),
(193, 5, 'Banmankhi Bazar'),
(194, 5, 'Barahiya'),
(195, 5, 'Barauli'),
(196, 5, 'Barbigha'),
(197, 5, 'Barh'),
(198, 5, 'Begusarai'),
(199, 5, 'Behea'),
(200, 5, 'Bettiah'),
(201, 5, 'Bhabua'),
(202, 5, 'Bhagalpur'),
(203, 5, 'Bihar Sharif'),
(204, 5, 'Bikramganj'),
(205, 5, 'Bodh Gaya'),
(206, 5, 'Buxar'),
(207, 5, 'Chandan Bara'),
(208, 5, 'Chanpatia'),
(209, 5, 'Chhapra'),
(210, 5, 'Colgong'),
(211, 5, 'Dalsinghsarai'),
(212, 5, 'Darbhanga'),
(213, 5, 'Daudnagar'),
(214, 5, 'Dehri-on-Sone'),
(215, 5, 'Dhaka'),
(216, 5, 'Dighwara'),
(217, 5, 'Dumraon'),
(218, 5, 'Fatwah'),
(219, 5, 'Forbesganj'),
(220, 5, 'Gaya'),
(221, 5, 'Gogri Jamalpur'),
(222, 5, 'Gopalganj'),
(223, 5, 'Hajipur'),
(224, 5, 'Hilsa'),
(225, 5, 'Hisua'),
(226, 5, 'Islampur'),
(227, 5, 'Jagdispur'),
(228, 5, 'Jamalpur'),
(229, 5, 'Jamui'),
(230, 5, 'Jehanabad'),
(231, 5, 'Jhajha'),
(232, 5, 'Jhanjharpur'),
(233, 5, 'Jogabani'),
(234, 5, 'Kanti'),
(235, 5, 'Katihar'),
(236, 5, 'Khagaria'),
(237, 5, 'Kharagpur'),
(238, 5, 'Kishanganj'),
(239, 5, 'Lakhisarai'),
(240, 5, 'Lalganj'),
(241, 5, 'Madhepura'),
(242, 5, 'Madhubani'),
(243, 5, 'Maharajganj'),
(244, 5, 'Mahnar Bazar'),
(245, 5, 'Makhdumpur'),
(246, 5, 'Maner'),
(247, 5, 'Manihari'),
(248, 5, 'Marhaura'),
(249, 5, 'Masaurhi'),
(250, 5, 'Mirganj'),
(251, 5, 'Mokameh'),
(252, 5, 'Motihari'),
(253, 5, 'Motipur'),
(254, 5, 'Munger'),
(255, 5, 'Murliganj'),
(256, 5, 'Muzaffarpur'),
(257, 5, 'Narkatiaganj'),
(258, 5, 'Naugachhia'),
(259, 5, 'Nawada'),
(260, 5, 'Nokha'),
(261, 5, 'Patna'),
(262, 5, 'Piro'),
(263, 5, 'Purnia'),
(264, 5, 'Rafiganj'),
(265, 5, 'Rajgir'),
(266, 5, 'Ramnagar'),
(267, 5, 'Raxaul Bazar'),
(268, 5, 'Revelganj'),
(269, 5, 'Rosera'),
(270, 5, 'Saharsa'),
(271, 5, 'Samastipur'),
(272, 5, 'Sasaram'),
(273, 5, 'Sheikhpura'),
(274, 5, 'Sheohar'),
(275, 5, 'Sherghati'),
(276, 5, 'Silao'),
(277, 5, 'Sitamarhi'),
(278, 5, 'Siwan'),
(279, 5, 'Sonepur'),
(280, 5, 'Sugauli'),
(281, 5, 'Sultanganj'),
(282, 5, 'Supaul'),
(283, 5, 'Warisaliganj'),
(284, 7, 'Ahiwara'),
(285, 7, 'Akaltara'),
(286, 7, 'Ambagarh Chowki'),
(287, 7, 'Ambikapur'),
(288, 7, 'Arang'),
(289, 7, 'Bade Bacheli'),
(290, 7, 'Balod'),
(291, 7, 'Baloda Bazar'),
(292, 7, 'Bemetra'),
(293, 7, 'Bhatapara'),
(294, 7, 'Bilaspur'),
(295, 7, 'Birgaon'),
(296, 7, 'Champa'),
(297, 7, 'Chirmiri'),
(298, 7, 'Dalli-Rajhara'),
(299, 7, 'Dhamtari'),
(300, 7, 'Dipka'),
(301, 7, 'Dongargarh'),
(302, 7, 'Durg-Bhilai Nagar'),
(303, 7, 'Gobranawapara'),
(304, 7, 'Jagdalpur'),
(305, 7, 'Janjgir'),
(306, 7, 'Jashpurnagar'),
(307, 7, 'Kanker'),
(308, 7, 'Kawardha'),
(309, 7, 'Kondagaon'),
(310, 7, 'Korba'),
(311, 7, 'Mahasamund'),
(312, 7, 'Mahendragarh'),
(313, 7, 'Mungeli'),
(314, 7, 'Naila Janjgir'),
(315, 7, 'Raigarh'),
(316, 7, 'Raipur'),
(317, 7, 'Rajnandgaon'),
(318, 7, 'Sakti'),
(319, 7, 'Tilda Newra'),
(320, 8, 'Amli'),
(321, 8, 'Silvassa'),
(322, 9, 'Daman and Diu'),
(323, 9, 'Daman and Diu'),
(324, 10, 'Asola'),
(325, 10, 'Delhi'),
(326, 11, 'Aldona'),
(327, 11, 'Curchorem Cacora'),
(328, 11, 'Madgaon'),
(329, 11, 'Mapusa'),
(330, 11, 'Margao'),
(331, 11, 'Marmagao'),
(332, 11, 'Panaji'),
(333, 12, 'Ahmedabad'),
(334, 12, 'Amreli'),
(335, 12, 'Anand'),
(336, 12, 'Ankleshwar'),
(337, 12, 'Bharuch'),
(338, 12, 'Bhavnagar'),
(339, 12, 'Bhuj'),
(340, 12, 'Cambay'),
(341, 12, 'Dahod'),
(342, 12, 'Deesa'),
(343, 12, 'Dharampur'),
(344, 12, 'Dholka'),
(345, 12, 'Gandhinagar'),
(346, 12, 'Godhra'),
(347, 12, 'Himatnagar'),
(348, 12, 'Idar'),
(349, 12, 'Jamnagar'),
(350, 12, 'Junagadh'),
(351, 12, 'Kadi'),
(352, 12, 'Kalavad'),
(353, 12, 'Kalol'),
(354, 12, 'Kapadvanj'),
(355, 12, 'Karjan'),
(356, 12, 'Keshod'),
(357, 12, 'Khambhalia'),
(358, 12, 'Khambhat'),
(359, 12, 'Kheda'),
(360, 12, 'Khedbrahma'),
(361, 12, 'Kheralu'),
(362, 12, 'Kodinar'),
(363, 12, 'Lathi'),
(364, 12, 'Limbdi'),
(365, 12, 'Lunawada'),
(366, 12, 'Mahesana'),
(367, 12, 'Mahuva'),
(368, 12, 'Manavadar'),
(369, 12, 'Mandvi'),
(370, 12, 'Mangrol'),
(371, 12, 'Mansa'),
(372, 12, 'Mehmedabad'),
(373, 12, 'Modasa'),
(374, 12, 'Morvi'),
(375, 12, 'Nadiad'),
(376, 12, 'Navsari'),
(377, 12, 'Padra'),
(378, 12, 'Palanpur'),
(379, 12, 'Palitana'),
(380, 12, 'Pardi'),
(381, 12, 'Patan'),
(382, 12, 'Petlad'),
(383, 12, 'Porbandar'),
(384, 12, 'Radhanpur'),
(385, 12, 'Rajkot'),
(386, 12, 'Rajpipla'),
(387, 12, 'Rajula'),
(388, 12, 'Ranavav'),
(389, 12, 'Rapar'),
(390, 12, 'Salaya'),
(391, 12, 'Sanand'),
(392, 12, 'Savarkundla'),
(393, 12, 'Sidhpur'),
(394, 12, 'Sihor'),
(395, 12, 'Songadh'),
(396, 12, 'Surat'),
(397, 12, 'Talaja'),
(398, 12, 'Thangadh'),
(399, 12, 'Tharad'),
(400, 12, 'Umbergaon'),
(401, 12, 'Umreth'),
(402, 12, 'Una'),
(403, 12, 'Unjha'),
(404, 12, 'Upleta'),
(405, 12, 'Vadnagar'),
(406, 12, 'Vadodara'),
(407, 12, 'Valsad'),
(408, 12, 'Vapi'),
(409, 12, 'Vapi'),
(410, 12, 'Veraval'),
(411, 12, 'Vijapur'),
(412, 12, 'Viramgam'),
(413, 12, 'Visnagar'),
(414, 12, 'Vyara'),
(415, 12, 'Wadhwan'),
(416, 12, 'Wankaner'),
(417, 12, 'Adalaj'),
(418, 12, 'Adityana'),
(419, 12, 'Alang'),
(420, 12, 'Ambaji'),
(421, 12, 'Ambaliyasan'),
(422, 12, 'Andada'),
(423, 12, 'Anjar'),
(424, 12, 'Anklav'),
(425, 12, 'Antaliya'),
(426, 12, 'Arambhada'),
(427, 12, 'Atul'),
(428, 13, 'Ballabhgarh'),
(429, 13, 'Ambala'),
(430, 13, 'Ambala'),
(431, 13, 'Asankhurd'),
(432, 13, 'Assandh'),
(433, 13, 'Ateli'),
(434, 13, 'Babiyal'),
(435, 13, 'Bahadurgarh'),
(436, 13, 'Barwala'),
(437, 13, 'Bhiwani'),
(438, 13, 'Charkhi Dadri'),
(439, 13, 'Cheeka'),
(440, 13, 'Ellenabad 2'),
(441, 13, 'Faridabad'),
(442, 13, 'Fatehabad'),
(443, 13, 'Ganaur'),
(444, 13, 'Gharaunda'),
(445, 13, 'Gohana'),
(446, 13, 'Gurgaon'),
(447, 13, 'Haibat(Yamuna Nagar)'),
(448, 13, 'Hansi'),
(449, 13, 'Hisar'),
(450, 13, 'Hodal'),
(451, 13, 'Jhajjar'),
(452, 13, 'Jind'),
(453, 13, 'Kaithal'),
(454, 13, 'Kalan Wali'),
(455, 13, 'Kalka'),
(456, 13, 'Karnal'),
(457, 13, 'Ladwa'),
(458, 13, 'Mahendragarh'),
(459, 13, 'Mandi Dabwali'),
(460, 13, 'Narnaul'),
(461, 13, 'Narwana'),
(462, 13, 'Palwal'),
(463, 13, 'Panchkula'),
(464, 13, 'Panipat'),
(465, 13, 'Pehowa'),
(466, 13, 'Pinjore'),
(467, 13, 'Rania'),
(468, 13, 'Ratia'),
(469, 13, 'Rewari'),
(470, 13, 'Rohtak'),
(471, 13, 'Safidon'),
(472, 13, 'Samalkha'),
(473, 13, 'Shahbad'),
(474, 13, 'Sirsa'),
(475, 13, 'Sohna'),
(476, 13, 'Sonipat'),
(477, 13, 'Taraori'),
(478, 13, 'Thanesar'),
(479, 13, 'Tohana'),
(480, 13, 'Yamunanagar'),
(481, 14, 'Arki'),
(482, 14, 'Baddi'),
(483, 14, 'Bilaspur'),
(484, 14, 'Chamba'),
(485, 14, 'Dalhousie'),
(486, 14, 'Dharamsala'),
(487, 14, 'Hamirpur'),
(488, 14, 'Mandi'),
(489, 14, 'Nahan'),
(490, 14, 'Shimla'),
(491, 14, 'Solan'),
(492, 14, 'Sundarnagar'),
(493, 15, 'Jammu'),
(494, 15, 'Achabbal'),
(495, 15, 'Akhnoor'),
(496, 15, 'Anantnag'),
(497, 15, 'Arnia'),
(498, 15, 'Awantipora'),
(499, 15, 'Bandipore'),
(500, 15, 'Baramula'),
(501, 15, 'Kathua'),
(502, 15, 'Leh'),
(503, 15, 'Punch'),
(504, 15, 'Rajauri'),
(505, 15, 'Sopore'),
(506, 15, 'Srinagar'),
(507, 15, 'Udhampur'),
(508, 16, 'Amlabad'),
(509, 16, 'Ara'),
(510, 16, 'Barughutu'),
(511, 16, 'Bokaro Steel City'),
(512, 16, 'Chaibasa'),
(513, 16, 'Chakradharpur'),
(514, 16, 'Chandrapura'),
(515, 16, 'Chatra'),
(516, 16, 'Chirkunda'),
(517, 16, 'Churi'),
(518, 16, 'Daltonganj'),
(519, 16, 'Deoghar'),
(520, 16, 'Dhanbad'),
(521, 16, 'Dumka'),
(522, 16, 'Garhwa'),
(523, 16, 'Ghatshila'),
(524, 16, 'Giridih'),
(525, 16, 'Godda'),
(526, 16, 'Gomoh'),
(527, 16, 'Gumia'),
(528, 16, 'Gumla'),
(529, 16, 'Hazaribag'),
(530, 16, 'Hussainabad'),
(531, 16, 'Jamshedpur'),
(532, 16, 'Jamtara'),
(533, 16, 'Jhumri Tilaiya'),
(534, 16, 'Khunti'),
(535, 16, 'Lohardaga'),
(536, 16, 'Madhupur'),
(537, 16, 'Mihijam'),
(538, 16, 'Musabani'),
(539, 16, 'Pakaur'),
(540, 16, 'Patratu'),
(541, 16, 'Phusro'),
(542, 16, 'Ramngarh'),
(543, 16, 'Ranchi'),
(544, 16, 'Sahibganj'),
(545, 16, 'Saunda'),
(546, 16, 'Simdega'),
(547, 16, 'Tenu Dam-cum- Kathhara'),
(548, 17, 'Arasikere'),
(549, 17, 'Bangalore'),
(550, 17, 'Belgaum'),
(551, 17, 'Bellary'),
(552, 17, 'Chamrajnagar'),
(553, 17, 'Chikkaballapur'),
(554, 17, 'Chintamani'),
(555, 17, 'Chitradurga'),
(556, 17, 'Gulbarga'),
(557, 17, 'Gundlupet'),
(558, 17, 'Hassan'),
(559, 17, 'Hospet'),
(560, 17, 'Hubli'),
(561, 17, 'Karkala'),
(562, 17, 'Karwar'),
(563, 17, 'Kolar'),
(564, 17, 'Kota'),
(565, 17, 'Lakshmeshwar'),
(566, 17, 'Lingsugur'),
(567, 17, 'Maddur'),
(568, 17, 'Madhugiri'),
(569, 17, 'Madikeri'),
(570, 17, 'Magadi'),
(571, 17, 'Mahalingpur'),
(572, 17, 'Malavalli'),
(573, 17, 'Malur'),
(574, 17, 'Mandya'),
(575, 17, 'Mangalore'),
(576, 17, 'Manvi'),
(577, 17, 'Mudalgi'),
(578, 17, 'Mudbidri'),
(579, 17, 'Muddebihal'),
(580, 17, 'Mudhol'),
(581, 17, 'Mulbagal'),
(582, 17, 'Mundargi'),
(583, 17, 'Mysore'),
(584, 17, 'Nanjangud'),
(585, 17, 'Pavagada'),
(586, 17, 'Puttur'),
(587, 17, 'Rabkavi Banhatti'),
(588, 17, 'Raichur'),
(589, 17, 'Ramanagaram'),
(590, 17, 'Ramdurg'),
(591, 17, 'Ranibennur'),
(592, 17, 'Robertson Pet'),
(593, 17, 'Ron'),
(594, 17, 'Sadalgi'),
(595, 17, 'Sagar'),
(596, 17, 'Sakleshpur'),
(597, 17, 'Sandur'),
(598, 17, 'Sankeshwar'),
(599, 17, 'Saundatti-Yellamma'),
(600, 17, 'Savanur'),
(601, 17, 'Sedam'),
(602, 17, 'Shahabad'),
(603, 17, 'Shahpur'),
(604, 17, 'Shiggaon'),
(605, 17, 'Shikapur'),
(606, 17, 'Shimoga'),
(607, 17, 'Shorapur'),
(608, 17, 'Shrirangapattana'),
(609, 17, 'Sidlaghatta'),
(610, 17, 'Sindgi'),
(611, 17, 'Sindhnur'),
(612, 17, 'Sira'),
(613, 17, 'Sirsi'),
(614, 17, 'Siruguppa'),
(615, 17, 'Srinivaspur'),
(616, 17, 'Talikota'),
(617, 17, 'Tarikere'),
(618, 17, 'Tekkalakota'),
(619, 17, 'Terdal'),
(620, 17, 'Tiptur'),
(621, 17, 'Tumkur'),
(622, 17, 'Udupi'),
(623, 17, 'Vijayapura'),
(624, 17, 'Wadi'),
(625, 17, 'Yadgir'),
(626, 18, 'Adoor'),
(627, 18, 'Akathiyoor'),
(628, 18, 'Alappuzha'),
(629, 18, 'Ancharakandy'),
(630, 18, 'Aroor'),
(631, 18, 'Ashtamichira'),
(632, 18, 'Attingal'),
(633, 18, 'Avinissery'),
(634, 18, 'Chalakudy'),
(635, 18, 'Changanassery'),
(636, 18, 'Chendamangalam'),
(637, 18, 'Chengannur'),
(638, 18, 'Cherthala'),
(639, 18, 'Cheruthazham'),
(640, 18, 'Chittur-Thathamangalam'),
(641, 18, 'Chockli'),
(642, 18, 'Erattupetta'),
(643, 18, 'Guruvayoor'),
(644, 18, 'Irinjalakuda'),
(645, 18, 'Kadirur'),
(646, 18, 'Kalliasseri'),
(647, 18, 'Kalpetta'),
(648, 18, 'Kanhangad'),
(649, 18, 'Kanjikkuzhi'),
(650, 18, 'Kannur'),
(651, 18, 'Kasaragod'),
(652, 18, 'Kayamkulam'),
(653, 18, 'Kochi'),
(654, 18, 'Kodungallur'),
(655, 18, 'Kollam'),
(656, 18, 'Koothuparamba'),
(657, 18, 'Kothamangalam'),
(658, 18, 'Kottayam'),
(659, 18, 'Kozhikode'),
(660, 18, 'Kunnamkulam'),
(661, 18, 'Malappuram'),
(662, 18, 'Mattannur'),
(663, 18, 'Mavelikkara'),
(664, 18, 'Mavoor'),
(665, 18, 'Muvattupuzha'),
(666, 18, 'Nedumangad'),
(667, 18, 'Neyyattinkara'),
(668, 18, 'Ottappalam'),
(669, 18, 'Palai'),
(670, 18, 'Palakkad'),
(671, 18, 'Panniyannur'),
(672, 18, 'Pappinisseri'),
(673, 18, 'Paravoor'),
(674, 18, 'Pathanamthitta'),
(675, 18, 'Payyannur'),
(676, 18, 'Peringathur'),
(677, 18, 'Perinthalmanna'),
(678, 18, 'Perumbavoor'),
(679, 18, 'Ponnani'),
(680, 18, 'Punalur'),
(681, 18, 'Quilandy'),
(682, 18, 'Shoranur'),
(683, 18, 'Taliparamba'),
(684, 18, 'Thiruvalla'),
(685, 18, 'Thiruvananthapuram'),
(686, 18, 'Thodupuzha'),
(687, 18, 'Thrissur'),
(688, 18, 'Tirur'),
(689, 18, 'Vadakara'),
(690, 18, 'Vaikom'),
(691, 18, 'Varkala'),
(692, 19, 'Kavaratti'),
(693, 20, 'Ashok Nagar'),
(694, 20, 'Balaghat'),
(695, 20, 'Betul'),
(696, 20, 'Bhopal'),
(697, 20, 'Burhanpur'),
(698, 20, 'Chhatarpur'),
(699, 20, 'Dabra'),
(700, 20, 'Datia'),
(701, 20, 'Dewas'),
(702, 20, 'Dhar'),
(703, 20, 'Fatehabad'),
(704, 20, 'Gwalior'),
(705, 20, 'Indore'),
(706, 20, 'Itarsi'),
(707, 20, 'Jabalpur'),
(708, 20, 'Katni'),
(709, 20, 'Kotma'),
(710, 20, 'Lahar'),
(711, 20, 'Lundi'),
(712, 20, 'Maharajpur'),
(713, 20, 'Mahidpur'),
(714, 20, 'Maihar'),
(715, 20, 'Malajkhand'),
(716, 20, 'Manasa'),
(717, 20, 'Manawar'),
(718, 20, 'Mandideep'),
(719, 20, 'Mandla'),
(720, 20, 'Mandsaur'),
(721, 20, 'Mauganj'),
(722, 20, 'Mhow Cantonment'),
(723, 20, 'Mhowgaon'),
(724, 20, 'Morena'),
(725, 20, 'Multai'),
(726, 20, 'Murwara'),
(727, 20, 'Nagda'),
(728, 20, 'Nainpur'),
(729, 20, 'Narsinghgarh'),
(730, 20, 'Narsinghgarh'),
(731, 20, 'Neemuch'),
(732, 20, 'Nepanagar'),
(733, 20, 'Niwari'),
(734, 20, 'Nowgong'),
(735, 20, 'Nowrozabad'),
(736, 20, 'Pachore'),
(737, 20, 'Pali'),
(738, 20, 'Panagar'),
(739, 20, 'Pandhurna'),
(740, 20, 'Panna'),
(741, 20, 'Pasan'),
(742, 20, 'Pipariya'),
(743, 20, 'Pithampur'),
(744, 20, 'Porsa'),
(745, 20, 'Prithvipur'),
(746, 20, 'Raghogarh-Vijaypur'),
(747, 20, 'Rahatgarh'),
(748, 20, 'Raisen'),
(749, 20, 'Rajgarh'),
(750, 20, 'Ratlam'),
(751, 20, 'Rau'),
(752, 20, 'Rehli'),
(753, 20, 'Rewa'),
(754, 20, 'Sabalgarh'),
(755, 20, 'Sagar'),
(756, 20, 'Sanawad'),
(757, 20, 'Sarangpur'),
(758, 20, 'Sarni'),
(759, 20, 'Satna'),
(760, 20, 'Sausar'),
(761, 20, 'Sehore'),
(762, 20, 'Sendhwa'),
(763, 20, 'Seoni'),
(764, 20, 'Seoni-Malwa'),
(765, 20, 'Shahdol'),
(766, 20, 'Shajapur'),
(767, 20, 'Shamgarh'),
(768, 20, 'Sheopur'),
(769, 20, 'Shivpuri'),
(770, 20, 'Shujalpur'),
(771, 20, 'Sidhi'),
(772, 20, 'Sihora'),
(773, 20, 'Singrauli'),
(774, 20, 'Sironj'),
(775, 20, 'Sohagpur'),
(776, 20, 'Tarana'),
(777, 20, 'Tikamgarh'),
(778, 20, 'Ujhani'),
(779, 20, 'Ujjain'),
(780, 20, 'Umaria'),
(781, 20, 'Vidisha'),
(782, 20, 'Wara Seoni'),
(783, 21, 'Ahmednagar'),
(784, 21, 'Akola'),
(785, 21, 'Amravati'),
(786, 21, 'Aurangabad'),
(787, 21, 'Baramati'),
(788, 21, 'Chalisgaon'),
(789, 21, 'Chinchani'),
(790, 21, 'Devgarh'),
(791, 21, 'Dhule'),
(792, 21, 'Dombivli'),
(793, 21, 'Durgapur'),
(794, 21, 'Ichalkaranji'),
(795, 21, 'Jalna'),
(796, 21, 'Kalyan'),
(797, 21, 'Latur'),
(798, 21, 'Loha'),
(799, 21, 'Lonar'),
(800, 21, 'Lonavla'),
(801, 21, 'Mahad'),
(802, 21, 'Mahuli'),
(803, 21, 'Malegaon'),
(804, 21, 'Malkapur'),
(805, 21, 'Manchar'),
(806, 21, 'Mangalvedhe'),
(807, 21, 'Mangrulpir'),
(808, 21, 'Manjlegaon'),
(809, 21, 'Manmad'),
(810, 21, 'Manwath'),
(811, 21, 'Mehkar'),
(812, 21, 'Mhaswad'),
(813, 21, 'Miraj'),
(814, 21, 'Morshi'),
(815, 21, 'Mukhed'),
(816, 21, 'Mul'),
(817, 21, 'Mumbai'),
(818, 21, 'Murtijapur'),
(819, 21, 'Nagpur'),
(820, 21, 'Nalasopara'),
(821, 21, 'Nanded-Waghala'),
(822, 21, 'Nandgaon'),
(823, 21, 'Nandura'),
(824, 21, 'Nandurbar'),
(825, 21, 'Narkhed'),
(826, 21, 'Nashik'),
(827, 21, 'Navi Mumbai'),
(828, 21, 'Nawapur'),
(829, 21, 'Nilanga'),
(830, 21, 'Osmanabad'),
(831, 21, 'Ozar'),
(832, 21, 'Pachora'),
(833, 21, 'Paithan'),
(834, 21, 'Palghar'),
(835, 21, 'Pandharkaoda'),
(836, 21, 'Pandharpur'),
(837, 21, 'Panvel'),
(838, 21, 'Parbhani'),
(839, 21, 'Parli'),
(840, 21, 'Parola'),
(841, 21, 'Partur'),
(842, 21, 'Pathardi'),
(843, 21, 'Pathri'),
(844, 21, 'Patur'),
(845, 21, 'Pauni'),
(846, 21, 'Pen'),
(847, 21, 'Phaltan'),
(848, 21, 'Pulgaon'),
(849, 21, 'Pune'),
(850, 21, 'Purna'),
(851, 21, 'Pusad'),
(852, 21, 'Rahuri'),
(853, 21, 'Rajura'),
(854, 21, 'Ramtek'),
(855, 21, 'Ratnagiri'),
(856, 21, 'Raver'),
(857, 21, 'Risod'),
(858, 21, 'Sailu'),
(859, 21, 'Sangamner'),
(860, 21, 'Sangli'),
(861, 21, 'Sangole'),
(862, 21, 'Sasvad'),
(863, 21, 'Satana'),
(864, 21, 'Satara'),
(865, 21, 'Savner'),
(866, 21, 'Sawantwadi'),
(867, 21, 'Shahade'),
(868, 21, 'Shegaon'),
(869, 21, 'Shendurjana'),
(870, 21, 'Shirdi'),
(871, 21, 'Shirpur-Warwade'),
(872, 21, 'Shirur'),
(873, 21, 'Shrigonda'),
(874, 21, 'Shrirampur'),
(875, 21, 'Sillod'),
(876, 21, 'Sinnar'),
(877, 21, 'Solapur'),
(878, 21, 'Soyagaon'),
(879, 21, 'Talegaon Dabhade'),
(880, 21, 'Talode'),
(881, 21, 'Tasgaon'),
(882, 21, 'Tirora'),
(883, 21, 'Tuljapur'),
(884, 21, 'Tumsar'),
(885, 21, 'Uran'),
(886, 21, 'Uran Islampur'),
(887, 21, 'Wadgaon Road'),
(888, 21, 'Wai'),
(889, 21, 'Wani'),
(890, 21, 'Wardha'),
(891, 21, 'Warora'),
(892, 21, 'Warud'),
(893, 21, 'Washim'),
(894, 21, 'Yevla'),
(895, 21, 'Uchgaon'),
(896, 21, 'Udgir'),
(897, 21, 'Umarga'),
(898, 21, 'Umarkhed'),
(899, 21, 'Umred'),
(900, 21, 'Vadgaon Kasba'),
(901, 21, 'Vaijapur'),
(902, 21, 'Vasai'),
(903, 21, 'Virar'),
(904, 21, 'Vita'),
(905, 21, 'Yavatmal'),
(906, 21, 'Yawal'),
(907, 22, 'Imphal'),
(908, 22, 'Kakching'),
(909, 22, 'Lilong'),
(910, 22, 'Mayang Imphal'),
(911, 22, 'Thoubal'),
(912, 23, 'Jowai'),
(913, 23, 'Nongstoin'),
(914, 23, 'Shillong'),
(915, 23, 'Tura'),
(916, 24, 'Aizawl'),
(917, 24, 'Champhai'),
(918, 24, 'Lunglei'),
(919, 24, 'Saiha'),
(920, 25, 'Dimapur'),
(921, 25, 'Kohima'),
(922, 25, 'Mokokchung'),
(923, 25, 'Tuensang'),
(924, 25, 'Wokha'),
(925, 25, 'Zunheboto'),
(950, 26, 'Anandapur'),
(951, 26, 'Anugul'),
(952, 26, 'Asika'),
(953, 26, 'Balangir'),
(954, 26, 'Balasore'),
(955, 26, 'Baleshwar'),
(956, 26, 'Bamra'),
(957, 26, 'Barbil'),
(958, 26, 'Bargarh'),
(959, 26, 'Bargarh'),
(960, 26, 'Baripada'),
(961, 26, 'Basudebpur'),
(962, 26, 'Belpahar'),
(963, 26, 'Bhadrak'),
(964, 26, 'Bhawanipatna'),
(965, 26, 'Bhuban'),
(966, 26, 'Bhubaneswar'),
(967, 26, 'Biramitrapur'),
(968, 26, 'Brahmapur'),
(969, 26, 'Brajrajnagar'),
(970, 26, 'Byasanagar'),
(971, 26, 'Cuttack'),
(972, 26, 'Debagarh'),
(973, 26, 'Dhenkanal'),
(974, 26, 'Gunupur'),
(975, 26, 'Hinjilicut'),
(976, 26, 'Jagatsinghapur'),
(977, 26, 'Jajapur'),
(978, 26, 'Jaleswar'),
(979, 26, 'Jatani'),
(980, 26, 'Jeypur'),
(981, 26, 'Jharsuguda'),
(982, 26, 'Joda'),
(983, 26, 'Kantabanji'),
(984, 26, 'Karanjia'),
(985, 26, 'Kendrapara'),
(986, 26, 'Kendujhar'),
(987, 26, 'Khordha'),
(988, 26, 'Koraput'),
(989, 26, 'Malkangiri'),
(990, 26, 'Nabarangapur'),
(991, 26, 'Paradip'),
(992, 26, 'Parlakhemundi'),
(993, 26, 'Pattamundai'),
(994, 26, 'Phulabani'),
(995, 26, 'Puri'),
(996, 26, 'Rairangpur'),
(997, 26, 'Rajagangapur'),
(998, 26, 'Raurkela'),
(999, 26, 'Rayagada'),
(1000, 26, 'Sambalpur'),
(1001, 26, 'Soro'),
(1002, 26, 'Sunabeda'),
(1003, 26, 'Sundargarh'),
(1004, 26, 'Talcher'),
(1005, 26, 'Titlagarh'),
(1006, 26, 'Umarkote'),
(1007, 27, 'Karaikal'),
(1008, 27, 'Mahe'),
(1009, 27, 'Pondicherry'),
(1010, 27, 'Yanam'),
(1011, 28, 'Ahmedgarh'),
(1012, 28, 'Amritsar'),
(1013, 28, 'Barnala'),
(1014, 28, 'Batala'),
(1015, 28, 'Bathinda'),
(1016, 28, 'Bhagha Purana'),
(1017, 28, 'Budhlada'),
(1018, 6, 'Chandigarh'),
(1019, 28, 'Dasua'),
(1020, 28, 'Dhuri'),
(1021, 28, 'Dinanagar'),
(1022, 28, 'Faridkot'),
(1023, 28, 'Fazilka'),
(1024, 28, 'Firozpur'),
(1025, 28, 'Firozpur Cantt.'),
(1026, 28, 'Giddarbaha'),
(1027, 28, 'Gobindgarh'),
(1028, 28, 'Gurdaspur'),
(1029, 28, 'Hoshiarpur'),
(1030, 28, 'Jagraon'),
(1031, 28, 'Jaitu'),
(1032, 28, 'Jalalabad'),
(1033, 28, 'Jalandhar'),
(1034, 28, 'Jalandhar Cantt.'),
(1035, 28, 'Jandiala'),
(1036, 28, 'Kapurthala'),
(1037, 28, 'Karoran'),
(1038, 28, 'Kartarpur'),
(1039, 28, 'Khanna'),
(1040, 28, 'Kharar'),
(1041, 28, 'Kot Kapura'),
(1042, 28, 'Kurali'),
(1043, 28, 'Longowal'),
(1044, 28, 'Ludhiana'),
(1045, 28, 'Malerkotla'),
(1046, 28, 'Malout'),
(1047, 28, 'Mansa'),
(1048, 28, 'Maur'),
(1049, 28, 'Moga'),
(1050, 28, 'Mohali'),
(1051, 28, 'Morinda'),
(1052, 28, 'Mukerian'),
(1053, 28, 'Muktsar'),
(1054, 28, 'Nabha'),
(1055, 28, 'Nakodar'),
(1056, 28, 'Nangal'),
(1057, 28, 'Nawanshahr'),
(1058, 28, 'Pathankot'),
(1059, 28, 'Patiala'),
(1060, 28, 'Patran'),
(1061, 28, 'Patti'),
(1062, 28, 'Phagwara'),
(1063, 28, 'Phillaur'),
(1064, 28, 'Qadian'),
(1065, 28, 'Raikot'),
(1066, 28, 'Rajpura'),
(1067, 28, 'Rampura Phul'),
(1068, 28, 'Rupnagar'),
(1069, 28, 'Samana'),
(1070, 28, 'Sangrur'),
(1071, 28, 'Sirhind Fatehgarh Sahib'),
(1072, 28, 'Sujanpur'),
(1073, 28, 'Sunam'),
(1074, 28, 'Talwara'),
(1075, 28, 'Tarn Taran'),
(1076, 28, 'Urmar Tanda'),
(1077, 28, 'Zira'),
(1078, 28, 'Zirakpur'),
(1079, 29, 'Bali'),
(1080, 29, 'Banswara'),
(1081, 29, 'Ajmer'),
(1082, 29, 'Alwar'),
(1083, 29, 'Bandikui'),
(1084, 29, 'Baran'),
(1085, 29, 'Barmer'),
(1086, 29, 'Bikaner'),
(1087, 29, 'Fatehpur'),
(1088, 29, 'Jaipur'),
(1089, 29, 'Jaisalmer'),
(1090, 29, 'Jodhpur'),
(1091, 29, 'Kota'),
(1092, 29, 'Lachhmangarh'),
(1093, 29, 'Ladnu'),
(1094, 29, 'Lakheri'),
(1095, 29, 'Lalsot'),
(1096, 29, 'Losal'),
(1097, 29, 'Makrana'),
(1098, 29, 'Malpura'),
(1099, 29, 'Mandalgarh'),
(1100, 29, 'Mandawa'),
(1101, 29, 'Mangrol'),
(1102, 29, 'Merta City'),
(1103, 29, 'Mount Abu'),
(1104, 29, 'Nadbai'),
(1105, 29, 'Nagar'),
(1106, 29, 'Nagaur'),
(1107, 29, 'Nargund'),
(1108, 29, 'Nasirabad'),
(1109, 29, 'Nathdwara'),
(1110, 29, 'Navalgund'),
(1111, 29, 'Nawalgarh'),
(1112, 29, 'Neem-Ka-Thana'),
(1113, 29, 'Nelamangala'),
(1114, 29, 'Nimbahera'),
(1115, 29, 'Nipani'),
(1116, 29, 'Niwai'),
(1117, 29, 'Nohar'),
(1118, 29, 'Nokha'),
(1119, 29, 'Pali'),
(1120, 29, 'Phalodi'),
(1121, 29, 'Phulera'),
(1122, 29, 'Pilani'),
(1123, 29, 'Pilibanga'),
(1124, 29, 'Pindwara'),
(1125, 29, 'Pipar City'),
(1126, 29, 'Prantij'),
(1127, 29, 'Pratapgarh'),
(1128, 29, 'Raisinghnagar'),
(1129, 29, 'Rajakhera'),
(1130, 29, 'Rajaldesar'),
(1131, 29, 'Rajgarh (Alwar)'),
(1132, 29, 'Rajgarh (Churu'),
(1133, 29, 'Rajsamand'),
(1134, 29, 'Ramganj Mandi'),
(1135, 29, 'Ramngarh'),
(1136, 29, 'Ratangarh'),
(1137, 29, 'Rawatbhata'),
(1138, 29, 'Rawatsar'),
(1139, 29, 'Reengus'),
(1140, 29, 'Sadri'),
(1141, 29, 'Sadulshahar'),
(1142, 29, 'Sagwara'),
(1143, 29, 'Sambhar'),
(1144, 29, 'Sanchore'),
(1145, 29, 'Sangaria'),
(1146, 29, 'Sardarshahar'),
(1147, 29, 'Sawai Madhopur'),
(1148, 29, 'Shahpura'),
(1149, 29, 'Shahpura'),
(1150, 29, 'Sheoganj'),
(1151, 29, 'Sikar'),
(1152, 29, 'Sirohi'),
(1153, 29, 'Sojat'),
(1154, 29, 'Sri Madhopur'),
(1155, 29, 'Sujangarh'),
(1156, 29, 'Sumerpur'),
(1157, 29, 'Suratgarh'),
(1158, 29, 'Taranagar'),
(1159, 29, 'Todabhim'),
(1160, 29, 'Todaraisingh'),
(1161, 29, 'Tonk'),
(1162, 29, 'Udaipur'),
(1163, 29, 'Udaipurwati'),
(1164, 29, 'Vijainagar'),
(1165, 30, 'Gangtok'),
(1166, 36, 'Calcutta'),
(1167, 31, 'Arakkonam'),
(1168, 31, 'Arcot'),
(1169, 31, 'Aruppukkottai'),
(1170, 31, 'Bhavani'),
(1171, 31, 'Chengalpattu'),
(1172, 31, 'Chennai'),
(1173, 31, 'Chinna salem'),
(1174, 31, 'Coimbatore'),
(1175, 31, 'Coonoor'),
(1176, 31, 'Cuddalore'),
(1177, 31, 'Dharmapuri'),
(1178, 31, 'Dindigul'),
(1179, 31, 'Erode'),
(1180, 31, 'Gudalur'),
(1181, 31, 'Gudalur'),
(1182, 31, 'Gudalur'),
(1183, 31, 'Kanchipuram'),
(1184, 31, 'Karaikudi'),
(1185, 31, 'Karungal'),
(1186, 31, 'Karur'),
(1187, 31, 'Kollankodu'),
(1188, 31, 'Lalgudi'),
(1189, 31, 'Madurai'),
(1190, 31, 'Nagapattinam'),
(1191, 31, 'Nagercoil'),
(1192, 31, 'Namagiripettai'),
(1193, 31, 'Namakkal'),
(1194, 31, 'Nandivaram-Guduvancheri'),
(1195, 31, 'Nanjikottai'),
(1196, 31, 'Natham'),
(1197, 31, 'Nellikuppam'),
(1198, 31, 'Neyveli'),
(1199, 31, 'O\' Valley'),
(1200, 31, 'Oddanchatram'),
(1201, 31, 'P.N.Patti'),
(1202, 31, 'Pacode'),
(1203, 31, 'Padmanabhapuram'),
(1204, 31, 'Palani'),
(1205, 31, 'Palladam'),
(1206, 31, 'Pallapatti'),
(1207, 31, 'Pallikonda'),
(1208, 31, 'Panagudi'),
(1209, 31, 'Panruti'),
(1210, 31, 'Paramakudi'),
(1211, 31, 'Parangipettai'),
(1212, 31, 'Pattukkottai'),
(1213, 31, 'Perambalur'),
(1214, 31, 'Peravurani'),
(1215, 31, 'Periyakulam'),
(1216, 31, 'Periyasemur'),
(1217, 31, 'Pernampattu'),
(1218, 31, 'Pollachi'),
(1219, 31, 'Polur'),
(1220, 31, 'Ponneri'),
(1221, 31, 'Pudukkottai'),
(1222, 31, 'Pudupattinam'),
(1223, 31, 'Puliyankudi'),
(1224, 31, 'Punjaipugalur'),
(1225, 31, 'Rajapalayam'),
(1226, 31, 'Ramanathapuram'),
(1227, 31, 'Rameshwaram'),
(1228, 31, 'Rasipuram'),
(1229, 31, 'Salem'),
(1230, 31, 'Sankarankoil'),
(1231, 31, 'Sankari'),
(1232, 31, 'Sathyamangalam'),
(1233, 31, 'Sattur'),
(1234, 31, 'Shenkottai'),
(1235, 31, 'Sholavandan'),
(1236, 31, 'Sholingur'),
(1237, 31, 'Sirkali'),
(1238, 31, 'Sivaganga'),
(1239, 31, 'Sivagiri'),
(1240, 31, 'Sivakasi'),
(1241, 31, 'Srivilliputhur'),
(1242, 31, 'Surandai'),
(1243, 31, 'Suriyampalayam'),
(1244, 31, 'Tenkasi'),
(1245, 31, 'Thammampatti'),
(1246, 31, 'Thanjavur'),
(1247, 31, 'Tharamangalam'),
(1248, 31, 'Tharangambadi'),
(1249, 31, 'Theni Allinagaram'),
(1250, 31, 'Thirumangalam'),
(1251, 31, 'Thirunindravur'),
(1252, 31, 'Thiruparappu'),
(1253, 31, 'Thirupuvanam'),
(1254, 31, 'Thiruthuraipoondi'),
(1255, 31, 'Thiruvallur'),
(1256, 31, 'Thiruvarur'),
(1257, 31, 'Thoothukudi'),
(1258, 31, 'Thuraiyur'),
(1259, 31, 'Tindivanam'),
(1260, 31, 'Tiruchendur'),
(1261, 31, 'Tiruchengode'),
(1262, 31, 'Tiruchirappalli'),
(1263, 31, 'Tirukalukundram'),
(1264, 31, 'Tirukkoyilur'),
(1265, 31, 'Tirunelveli'),
(1266, 31, 'Tirupathur'),
(1267, 31, 'Tirupathur'),
(1268, 31, 'Tiruppur'),
(1269, 31, 'Tiruttani'),
(1270, 31, 'Tiruvannamalai'),
(1271, 31, 'Tiruvethipuram'),
(1272, 31, 'Tittakudi'),
(1273, 31, 'Udhagamandalam'),
(1274, 31, 'Udumalaipettai'),
(1275, 31, 'Unnamalaikadai'),
(1276, 31, 'Usilampatti'),
(1277, 31, 'Uthamapalayam'),
(1278, 31, 'Uthiramerur'),
(1279, 31, 'Vadakkuvalliyur'),
(1280, 31, 'Vadalur'),
(1281, 31, 'Vadipatti'),
(1282, 31, 'Valparai'),
(1283, 31, 'Vandavasi'),
(1284, 31, 'Vaniyambadi'),
(1285, 31, 'Vedaranyam'),
(1286, 31, 'Vellakoil'),
(1287, 31, 'Vellore'),
(1288, 31, 'Vikramasingapuram'),
(1289, 31, 'Viluppuram'),
(1290, 31, 'Virudhachalam'),
(1291, 31, 'Virudhunagar'),
(1292, 31, 'Viswanatham'),
(1293, 33, 'Agartala'),
(1294, 33, 'Badharghat'),
(1295, 33, 'Dharmanagar'),
(1296, 33, 'Indranagar'),
(1297, 33, 'Jogendranagar'),
(1298, 33, 'Kailasahar'),
(1299, 33, 'Khowai'),
(1300, 33, 'Pratapgarh'),
(1301, 33, 'Udaipur'),
(1302, 34, 'Achhnera'),
(1303, 34, 'Adari'),
(1304, 34, 'Agra'),
(1305, 34, 'Aligarh'),
(1306, 34, 'Allahabad'),
(1307, 34, 'Amroha'),
(1308, 34, 'Azamgarh'),
(1309, 34, 'Bahraich'),
(1310, 34, 'Ballia'),
(1311, 34, 'Balrampur'),
(1312, 34, 'Banda'),
(1313, 34, 'Bareilly'),
(1314, 34, 'Chandausi'),
(1315, 34, 'Dadri'),
(1316, 34, 'Deoria'),
(1317, 34, 'Etawah'),
(1318, 34, 'Fatehabad'),
(1319, 34, 'Fatehpur'),
(1320, 34, 'Fatehpur'),
(1321, 34, 'Greater Noida'),
(1322, 34, 'Hamirpur'),
(1323, 34, 'Hardoi'),
(1324, 34, 'Jajmau'),
(1325, 34, 'Jaunpur'),
(1326, 34, 'Jhansi'),
(1327, 34, 'Kalpi'),
(1328, 34, 'Kanpur'),
(1329, 34, 'Kota'),
(1330, 34, 'Laharpur'),
(1331, 34, 'Lakhimpur'),
(1332, 34, 'Lal Gopalganj Nindaura'),
(1333, 34, 'Lalganj'),
(1334, 34, 'Lalitpur'),
(1335, 34, 'Lar'),
(1336, 34, 'Loni'),
(1337, 34, 'Lucknow'),
(1338, 34, 'Mathura'),
(1339, 34, 'Meerut'),
(1340, 34, 'Modinagar'),
(1341, 34, 'Muradnagar'),
(1342, 34, 'Nagina'),
(1343, 34, 'Najibabad'),
(1344, 34, 'Nakur'),
(1345, 34, 'Nanpara'),
(1346, 34, 'Naraura'),
(1347, 34, 'Naugawan Sadat'),
(1348, 34, 'Nautanwa'),
(1349, 34, 'Nawabganj'),
(1350, 34, 'Nehtaur'),
(1351, 34, 'NOIDA'),
(1352, 34, 'Noorpur'),
(1353, 34, 'Obra'),
(1354, 34, 'Orai'),
(1355, 34, 'Padrauna'),
(1356, 34, 'Palia Kalan'),
(1357, 34, 'Parasi'),
(1358, 34, 'Phulpur'),
(1359, 34, 'Pihani'),
(1360, 34, 'Pilibhit'),
(1361, 34, 'Pilkhuwa'),
(1362, 34, 'Powayan'),
(1363, 34, 'Pukhrayan'),
(1364, 34, 'Puranpur'),
(1365, 34, 'Purquazi'),
(1366, 34, 'Purwa'),
(1367, 34, 'Rae Bareli'),
(1368, 34, 'Rampur'),
(1369, 34, 'Rampur Maniharan'),
(1370, 34, 'Rasra'),
(1371, 34, 'Rath'),
(1372, 34, 'Renukoot'),
(1373, 34, 'Reoti'),
(1374, 34, 'Robertsganj'),
(1375, 34, 'Rudauli'),
(1376, 34, 'Rudrapur'),
(1377, 34, 'Sadabad'),
(1378, 34, 'Safipur'),
(1379, 34, 'Saharanpur'),
(1380, 34, 'Sahaspur'),
(1381, 34, 'Sahaswan'),
(1382, 34, 'Sahawar'),
(1383, 34, 'Sahjanwa'),
(1384, 34, 'Saidpur, Ghazipur'),
(1385, 34, 'Sambhal'),
(1386, 34, 'Samdhan'),
(1387, 34, 'Samthar'),
(1388, 34, 'Sandi'),
(1389, 34, 'Sandila'),
(1390, 34, 'Sardhana'),
(1391, 34, 'Seohara'),
(1392, 34, 'Shahabad, Hardoi'),
(1393, 34, 'Shahabad, Rampur'),
(1394, 34, 'Shahganj'),
(1395, 34, 'Shahjahanpur'),
(1396, 34, 'Shamli'),
(1397, 34, 'Shamsabad, Agra'),
(1398, 34, 'Shamsabad, Farrukhabad'),
(1399, 34, 'Sherkot'),
(1400, 34, 'Shikarpur, Bulandshahr'),
(1401, 34, 'Shikohabad'),
(1402, 34, 'Shishgarh'),
(1403, 34, 'Siana'),
(1404, 34, 'Sikanderpur'),
(1405, 34, 'Sikandra Rao'),
(1406, 34, 'Sikandrabad'),
(1407, 34, 'Sirsaganj'),
(1408, 34, 'Sirsi'),
(1409, 34, 'Sitapur'),
(1410, 34, 'Soron'),
(1411, 34, 'Suar'),
(1412, 34, 'Sultanpur'),
(1413, 34, 'Sumerpur'),
(1414, 34, 'Tanda'),
(1415, 34, 'Tanda'),
(1416, 34, 'Tetri Bazar'),
(1417, 34, 'Thakurdwara'),
(1418, 34, 'Thana Bhawan'),
(1419, 34, 'Tilhar'),
(1420, 34, 'Tirwaganj'),
(1421, 34, 'Tulsipur'),
(1422, 34, 'Tundla'),
(1423, 34, 'Unnao'),
(1424, 34, 'Utraula'),
(1425, 34, 'Varanasi'),
(1426, 34, 'Vrindavan'),
(1427, 34, 'Warhapur'),
(1428, 34, 'Zaidpur'),
(1429, 34, 'Zamania'),
(1430, 35, 'Almora'),
(1431, 35, 'Bazpur'),
(1432, 35, 'Chamba'),
(1433, 35, 'Dehradun'),
(1434, 35, 'Haldwani'),
(1435, 35, 'Haridwar'),
(1436, 35, 'Jaspur'),
(1437, 35, 'Kashipur'),
(1438, 35, 'kichha'),
(1439, 35, 'Kotdwara'),
(1440, 35, 'Manglaur'),
(1441, 35, 'Mussoorie'),
(1442, 35, 'Nagla'),
(1443, 35, 'Nainital'),
(1444, 35, 'Pauri'),
(1445, 35, 'Pithoragarh'),
(1446, 35, 'Ramnagar'),
(1447, 35, 'Rishikesh'),
(1448, 35, 'Roorkee'),
(1449, 35, 'Rudrapur'),
(1450, 35, 'Sitarganj'),
(1451, 35, 'Tehri'),
(1452, 34, 'Muzaffarnagar'),
(1453, 36, 'Adra'),
(1454, 36, 'Alipurduar'),
(1455, 36, 'Arambagh'),
(1456, 36, 'Asansol'),
(1457, 36, 'Baharampur'),
(1458, 36, 'Bally'),
(1459, 36, 'Balurghat'),
(1460, 36, 'Bankura'),
(1461, 36, 'Barakar'),
(1462, 36, 'Barasat'),
(1463, 36, 'Bardhaman'),
(1464, 36, 'Bidhan Nagar'),
(1465, 36, 'Chinsura'),
(1466, 36, 'Contai'),
(1467, 36, 'Cooch Behar'),
(1468, 36, 'Darjeeling'),
(1469, 36, 'Durgapur'),
(1470, 36, 'Haldia'),
(1471, 36, 'Howrah'),
(1472, 36, 'Islampur'),
(1473, 36, 'Jhargram'),
(1474, 36, 'Kharagpur'),
(1475, 36, 'Kolkata'),
(1476, 36, 'Mainaguri'),
(1477, 36, 'Mal'),
(1478, 36, 'Mathabhanga'),
(1479, 36, 'Medinipur'),
(1480, 36, 'Memari'),
(1481, 36, 'Monoharpur'),
(1482, 36, 'Murshidabad'),
(1483, 36, 'Nabadwip'),
(1484, 36, 'Naihati'),
(1485, 36, 'Panchla'),
(1486, 36, 'Pandua'),
(1487, 36, 'Paschim Punropara'),
(1488, 36, 'Purulia'),
(1489, 36, 'Raghunathpur'),
(1490, 36, 'Raiganj'),
(1491, 36, 'Rampurhat'),
(1492, 36, 'Ranaghat'),
(1493, 36, 'Sainthia'),
(1494, 36, 'Santipur'),
(1495, 36, 'Siliguri'),
(1496, 36, 'Sonamukhi'),
(1497, 36, 'Srirampore'),
(1498, 36, 'Suri'),
(1499, 36, 'Taki'),
(1500, 36, 'Tamluk'),
(1501, 36, 'Tarakeswar'),
(1502, 17, 'Chikmagalur'),
(1503, 17, 'Davanagere'),
(1504, 17, 'Dharwad'),
(1505, 17, 'Gadag'),
(1506, 31, 'Chennai'),
(1507, 31, 'Coimbatore');

-- --------------------------------------------------------

--
-- Table structure for table `customers`
--

CREATE TABLE `customers` (
  `customer_id` int(11) NOT NULL,
  `first_name` varchar(50) NOT NULL,
  `last_name` varchar(50) NOT NULL,
  `gender` varchar(6) NOT NULL,
  `contact_no` varchar(15) NOT NULL,
  `email_id` varchar(100) NOT NULL,
  `password` varchar(20) NOT NULL,
  `state_id` int(11) NOT NULL,
  `city_id` int(11) NOT NULL,
  `address` varchar(300) DEFAULT NULL,
  `pincode` varchar(6) DEFAULT NULL
) ENGINE=InnoDB DEFAULT CHARSET=utf8mb4;

--
-- Dumping data for table `customers`
--

INSERT INTO `customers` (`customer_id`, `first_name`, `last_name`, `gender`, `contact_no`, `email_id`, `password`, `state_id`, `city_id`, `address`, `pincode`) VALUES
(2, 'abc', 'pqr', 'Female', '9876543210', 'test@gmail.com', '12345', 21, 797, 'adfh', '413512');

-- --------------------------------------------------------

--
-- Table structure for table `customer_policies`
--

CREATE TABLE `customer_policies` (
  `customer_policy_id` int(11) NOT NULL,
  `customer_id` int(11) NOT NULL,
  `policy_id` int(11) NOT NULL,
  `status` varchar(30) NOT NULL,
  `applied_date` datetime DEFAULT NULL,
  `remark` varchar(100) DEFAULT NULL
) ENGINE=InnoDB DEFAULT CHARSET=utf8mb4;

--
-- Dumping data for table `customer_policies`
--

INSERT INTO `customer_policies` (`customer_policy_id`, `customer_id`, `policy_id`, `status`, `applied_date`, `remark`) VALUES
(3, 2, 1, 'Approved', '2021-06-01 05:27:57', 'remark'),
(4, 2, 2, 'Rejected', '2021-06-01 05:27:57', 'remark');

-- --------------------------------------------------------

--
-- Table structure for table `policies`
--

CREATE TABLE `policies` (
  `policy_id` int(11) NOT NULL,
  `policy_name` varchar(150) NOT NULL,
  `category_id` int(11) NOT NULL,
  `subcategory_id` int(11) NOT NULL,
  `sum_assured` decimal(12,2) NOT NULL,
  `premium` decimal(12,2) NOT NULL,
  `tenure` int(11) NOT NULL
) ENGINE=InnoDB DEFAULT CHARSET=utf8mb4;

--
-- Dumping data for table `policies`
--

INSERT INTO `policies` (`policy_id`, `policy_name`, `category_id`, `subcategory_id`, `sum_assured`, `premium`, `tenure`) VALUES
(1, 'policy 1', 2, 2, '100.00', '50.00', 12),
(2, 'fdfsdf', 2, 2, '2100.00', '200.00', 12);

-- --------------------------------------------------------

--
-- Table structure for table `states`
--

CREATE TABLE `states` (
  `state_id` int(11) NOT NULL,
  `state_name` varchar(100) NOT NULL
) ENGINE=InnoDB DEFAULT CHARSET=utf8mb4;

--
-- Dumping data for table `states`
--

INSERT INTO `states` (`state_id`, `state_name`) VALUES
(1, 'Andaman & Nicobar Islands'),
(2, 'Andhra Pradesh'),
(3, 'Arunachal Pradesh'),
(4, 'Assam'),
(5, 'Bihar'),
(6, 'Chandigarh'),
(7, 'Chattisgarh'),
(8, 'Dadra & Nagar Haveli'),
(9, 'Daman & Diu'),
(10, 'Delhi'),
(11, 'Goa'),
(12, 'Gujarat'),
(13, 'Haryana'),
(14, 'Himachal Pradesh'),
(15, 'Jammu & Kashmir'),
(16, 'Jharkhand'),
(17, 'Karnataka'),
(18, 'Kerala'),
(19, 'Lakshadweep'),
(20, 'Madhya Pradesh'),
(21, 'Maharashtra'),
(22, 'Manipur'),
(23, 'Meghalaya'),
(24, 'Mizoram'),
(25, 'Nagaland'),
(26, 'Odisha'),
(27, 'Puducherry'),
(28, 'Punjab'),
(29, 'Rajasthan'),
(30, 'Sikkim'),
(31, 'Tamil Nadu'),
(32, 'Telangana'),
(33, 'Tripura'),
(34, 'Uttar Pradesh'),
(35, 'Uttarakhand'),
(36, 'West Bengal');

-- --------------------------------------------------------

--
-- Table structure for table `subcategories`
--

CREATE TABLE `subcategories` (
  `subcategory_id` int(11) NOT NULL,
  `category_id` int(11) NOT NULL,
  `subcategory_name` varchar(100) NOT NULL
) ENGINE=InnoDB DEFAULT CHARSET=utf8mb4;

--
-- Dumping data for table `subcategories`
--

INSERT INTO `subcategories` (`subcategory_id`, `category_id`, `subcategory_name`) VALUES
(1, 3, 'sub10'),
(2, 2, 'Health Insurance Plans'),
(4, 3, 'ABC'),
(5, 2, 'Aarogya Vima');

--
-- Indexes for dumped tables
--

--
-- Indexes for table `admins`
--
ALTER TABLE `admins`
  ADD PRIMARY KEY (`admin_id`);

--
-- Indexes for table `categories`
--
ALTER TABLE `categories`
  ADD PRIMARY KEY (`category_id`);

--
-- Indexes for table `cities`
--
ALTER TABLE `cities`
  ADD PRIMARY KEY (`city_id`),
  ADD KEY `fk_states` (`state_id`);

--
-- Indexes for table `customers`
--
ALTER TABLE `customers`
  ADD PRIMARY KEY (`customer_id`),
  ADD KEY `fk_csatt` (`state_id`),
  ADD KEY `fk_ccity` (`city_id`);

--
-- Indexes for table `customer_policies`
--
ALTER TABLE `customer_policies`
  ADD PRIMARY KEY (`customer_policy_id`),
  ADD KEY `fk_cp_cust` (`customer_id`),
  ADD KEY `fk_cp_policy` (`policy_id`);

--
-- Indexes for table `policies`
--
ALTER TABLE `policies`
  ADD PRIMARY KEY (`policy_id`),
  ADD KEY `fk_p_cat` (`category_id`),
  ADD KEY `fk_p_sub` (`subcategory_id`);

--
-- Indexes for table `states`
--
ALTER TABLE `states`
  ADD PRIMARY KEY (`state_id`);

--
-- Indexes for table `subcategories`
--
ALTER TABLE `subcategories`
  ADD PRIMARY KEY (`subcategory_id`);

--
-- AUTO_INCREMENT for dumped tables
--

--
-- AUTO_INCREMENT for table `admins`
--
ALTER TABLE `admins`
  MODIFY `admin_id` int(11) NOT NULL AUTO_INCREMENT, AUTO_INCREMENT=2;

--
-- AUTO_INCREMENT for table `categories`
--
ALTER TABLE `categories`
  MODIFY `category_id` int(11) NOT NULL AUTO_INCREMENT, AUTO_INCREMENT=6;

--
-- AUTO_INCREMENT for table `cities`
--
ALTER TABLE `cities`
  MODIFY `city_id` int(11) NOT NULL AUTO_INCREMENT, AUTO_INCREMENT=1508;

--
-- AUTO_INCREMENT for table `customers`
--
ALTER TABLE `customers`
  MODIFY `customer_id` int(11) NOT NULL AUTO_INCREMENT, AUTO_INCREMENT=3;

--
-- AUTO_INCREMENT for table `customer_policies`
--
ALTER TABLE `customer_policies`
  MODIFY `customer_policy_id` int(11) NOT NULL AUTO_INCREMENT, AUTO_INCREMENT=5;

--
-- AUTO_INCREMENT for table `policies`
--
ALTER TABLE `policies`
  MODIFY `policy_id` int(11) NOT NULL AUTO_INCREMENT, AUTO_INCREMENT=3;

--
-- AUTO_INCREMENT for table `states`
--
ALTER TABLE `states`
  MODIFY `state_id` int(11) NOT NULL AUTO_INCREMENT, AUTO_INCREMENT=37;

--
-- AUTO_INCREMENT for table `subcategories`
--
ALTER TABLE `subcategories`
  MODIFY `subcategory_id` int(11) NOT NULL AUTO_INCREMENT, AUTO_INCREMENT=6;

--
-- Constraints for dumped tables
--

--
-- Constraints for table `cities`
--
ALTER TABLE `cities`
  ADD CONSTRAINT `fk_states` FOREIGN KEY (`state_id`) REFERENCES `states` (`state_id`) ON DELETE NO ACTION ON UPDATE NO ACTION;

--
-- Constraints for table `customers`
--
ALTER TABLE `customers`
  ADD CONSTRAINT `fk_ccity` FOREIGN KEY (`city_id`) REFERENCES `cities` (`city_id`) ON DELETE NO ACTION ON UPDATE NO ACTION,
  ADD CONSTRAINT `fk_csatt` FOREIGN KEY (`state_id`) REFERENCES `states` (`state_id`) ON DELETE NO ACTION ON UPDATE NO ACTION;

--
-- Constraints for table `customer_policies`
--
ALTER TABLE `customer_policies`
  ADD CONSTRAINT `fk_cp_cust` FOREIGN KEY (`customer_id`) REFERENCES `customers` (`customer_id`) ON DELETE NO ACTION ON UPDATE NO ACTION,
  ADD CONSTRAINT `fk_cp_policy` FOREIGN KEY (`policy_id`) REFERENCES `policies` (`policy_id`) ON DELETE NO ACTION ON UPDATE NO ACTION;

--
-- Constraints for table `policies`
--
ALTER TABLE `policies`
  ADD CONSTRAINT `fk_p_cat` FOREIGN KEY (`category_id`) REFERENCES `categories` (`category_id`) ON DELETE NO ACTION ON UPDATE NO ACTION,
  ADD CONSTRAINT `fk_p_sub` FOREIGN KEY (`subcategory_id`) REFERENCES `subcategories` (`subcategory_id`) ON DELETE NO ACTION ON UPDATE NO ACTION;
COMMIT;

/*!40101 SET CHARACTER_SET_CLIENT=@OLD_CHARACTER_SET_CLIENT */;
/*!40101 SET CHARACTER_SET_RESULTS=@OLD_CHARACTER_SET_RESULTS */;
/*!40101 SET COLLATION_CONNECTION=@OLD_COLLATION_CONNECTION */;
